{"cameraMode":{"drawMode":0,"name":"Shaded","section":"Shading Mode"},"sceneLighting":true,"audioPlay":false,"sceneViewState":{"m_AlwaysRefresh":false,"showFog":true,"showSkybox":true,"showFlares":true,"showImageEffects":true,"showParticleSystems":true,"showVisualEffectGraphs":true,"m_FxEnabled":true},"in2DMode":false,"pivot":{"x":0.2555031180381775,"y":0.9046293497085571,"z":0.024523165076971055},"rotation":{"x":0.22469963133335114,"y":-0.5070053339004517,"z":0.1388513296842575,"w":0.8204806447029114},"size":1.9125988483428956,"orthographic":false}